full_name,correo,score
Michael Jones,michael.jones2@example.com,70.42%
Herbert Davis,herbert.davis5@example.com,72.73%
Christopher Moore,christopher.moore44@example.com,71.60%
April Gonzalez,user8@example.com,100.00%
Colton Collins,user9@example.com,100.00%
Joseph Yang,user10@example.com,100.00%
Michelle Logan,user11@example.com,100.00%
Mary Pollard,user12@example.com,100.00%
Gail Harris,user13@example.com,100.00%
Lauren Fletcher,user14@example.com,100.00%
Alan Liu,user15@example.com,100.00%
Douglas Williams,user16@example.com,100.00%
Daniel Smith,user17@example.com,100.00%
Christopher Jensen,user18@example.com,100.00%
Haley Rodriguez,user19@example.com,100.00%
Alexis Cox,user20@example.com,100.00%
Deborah Davis,user21@example.com,100.00%
Brenda Reynolds,user22@example.com,100.00%
Paul Nash,user23@example.com,100.00%
Steven Parsons,user24@example.com,100.00%
Adrian Richards,user25@example.com,100.00%
Kristin Hall,user26@example.com,100.00%
Gerald Brown,user27@example.com,100.00%
Susan Freeman,user28@example.com,100.00%
Gary Thornton,user29@example.com,100.00%
Joyce Bailey,user30@example.com,100.00%
Allison Hill,user31xd@example.com,96.67%
Teresa Jones,teresa.jones70@example.com,74.29%
Michael Wagner,michael.wagner87@example.com,70.27%
Joseph Moreno,joseph.moreno108@example.com,73.24%
Joseph Torres,joseph.torres109@example.com,71.23%
Dustin Bell,dustin.bell113@example.com,71.88%
Richard Lewis,richard.lewis122@example.com,70.42%
Daniel Smith,daniel.smith125@example.com,74.63%
Mary Glover,mary.glover144@example.com,71.88%
Allison Hill,user31@example.com,100.00%
Jamie Miller,user32@example.com,100.00%
Kimberly Johnson,user33@example.com,100.00%
Elizabeth Smith,user34@example.com,100.00%
Shelly Estes,user35@example.com,100.00%
Jacob Williams,user36@example.com,100.00%
Roberto Chang,user37@example.com,100.00%
Karen Smith,user38@example.com,100.00%
Anthony Hernandez,user39@example.com,100.00%
Breanna Watts,user40@example.com,100.00%
Nicholas Marshall,user41@example.com,100.00%
Christopher Bowen,user42@example.com,100.00%
Nicole Thompson,user43@example.com,100.00%
Anna Russell,user44@example.com,100.00%
Donna King,user45@example.com,100.00%
Denise Byrd,user46@example.com,100.00%
Michael Robinson,user47@example.com,100.00%
Daniel Harrison,user48@example.com,100.00%
Jason Sellers,user49@example.com,100.00%
Stephanie Torres,user50@example.com,100.00%
Kristin Randall,user51@example.com,100.00%
Bradley Nguyen,user52@example.com,100.00%
Lance Rice,user53@example.com,100.00%
Paul Perkins,user54@example.com,100.00%
Joseph Mason,joseph.mason173@example.com,70.59%
Tina Webster,tina.webster175@example.com,70.59%
